ts	phase	decision	why	evidence	result
2026-10-07T08:46:16Z	frame	Use an executor-preserving replacement extension	The SDK exposes tool registration and the stock executor; avoid a Pi fork	/gnu/store/d1jnx1hja1n8r8pyl190mm1dqfy3phhg-pi-coding-agent-1.0.0/share/pi/docs/extensions.md	VERIFIED
2026-10-07T08:48:09Z	runtime	Keep SCI inside stock QuickJS	The compiled interpreter runs in the actual sandbox and emits literal output	desktop/build/pi-sci/test/sandbox.test.ts	VERIFIED
2026-10-07T08:56:54Z	runtime	Patch SCI async bodies to chain all expressions	The real sandbox cancelled awaited calls before later expressions; a single do form reproduces the correct order	desktop/build/pi-sci/src/pi/prepare.clj	VERIFIED
2026-10-07T09:11:29Z	integration	Verify installed Pi 1.0.0 and SDK 1.0.4	Test the real packaged worker and the newer hardened prelude without forking Pi	desktop/build/pi-sci/test/cli.test.ts	VERIFIED
2026-10-07T09:11:29Z	dependencies	Pin test dependencies to Pi 1.0.4	Pi 1.0.0 npm bundles an affected brace-expansion copy that npm overrides do not replace	desktop/build/pi-sci/package-lock.json	npm audit found 0 vulnerabilities
2026-10-07T09:19:36Z	installation	Resolve the extension entrypoint through its real path	The actual TUI test found that relative imports break through Stow symlinks	desktop/build/pi-sci/test/tui.test.ts	VERIFIED
2026-10-07T09:19:36Z	guidance	Select SCI and migrate active codemode guidance	Examples must follow the language that the replacement advertises	desktop/pi/agent/settings.json	VERIFIED
2026-10-07T09:19:36Z	installation	Stow the built extension into the live agent directory	The configuration must have a loadable replacement before the next Pi session	/home/engstrand/.pi/agent/extensions/sci-codemode/index.ts	VERIFIED
2026-10-07T09:19:36Z	tooling	Run Biome through the existing Node ELF loader on non-FHS Linux	The npm native binary expects /lib; reuse mapped runtime library directories without patching dependencies	desktop/build/pi-sci/scripts/biome.mjs	VERIFIED
2026-10-07T09:36:35Z	review	Use Pi’s exported tool identifier normalizer	A duplicated algorithm mishandled leading digits; one registry must agree with the executor	desktop/build/pi-sci/test/catalog.test.ts	VERIFIED
2026-10-07T09:36:35Z	review	Lazily snapshot the language after runtime initialization	Pi getSettings is unavailable during extension loading; metadata and execution must advertise the same session language	desktop/build/pi-sci/test/language.test.ts	VERIFIED
2026-10-07T09:36:35Z	review	Preserve tool prompt guidelines and namespace summaries	Hidden declarations must not erase usage constraints or expose long namespace instructions inline	desktop/build/pi-sci/test/session.test.ts	VERIFIED
2026-10-07T09:41:53Z	verification	Run the complete reproducible build and verification gate	Check real installed CLI/TUI, SDK behavior, existing guards, formatting, types, and dependency audit after final review	make pi-sci-test: 62 SCI tests plus 11 existing tests; 0 audit vulnerabilities	VERIFIED
2026-10-07T10:07:38Z	simplification	Make codemode unconditionally SCI-only	User requested no fallbacks; remove the language union, selector, mutable selection state, raw JavaScript execution and rendering branches, and JavaScript guidance	make pi-sci-test: 66 SCI tests plus 11 regressions; CLI rejects JavaScript and obsolete selectors; missing bundle errors	VERIFIED
2026-10-07T12:02:42Z	library	Replay an ordered branch-local declaration journal in fresh VMs	Preserve worker isolation, SCI Var ordering, and current capability rebinding	desktop/build/pi-sci/test/library.test.ts	VERIFIED
2026-10-07T12:02:42Z	transactions	Capture stock executor writes per invocation and append one code-and-data record	Avoid a second append crash window without forking Pi; reject stale branch, environment, and data writers	desktop/build/pi-sci/src/extension.ts; desktop/build/pi-sci/test/cli.test.ts	VERIFIED
2026-10-07T12:02:42Z	evaluation	Box intermediate results and qualify trusted core macro heads	Per-form sequencing must preserve unawaited cancellation and must not resolve user-shadowed compiler macros	desktop/build/pi-sci/test/sandbox.test.ts; desktop/build/pi-sci/test/library.test.ts	VERIFIED
2026-10-07T12:02:42Z	recovery	Use explicit reset and fail-closed source reconstruction	Do not silently drop incompatible code or regain a removed capability; preserve task data	desktop/build/pi-sci/test/library.test.ts; desktop/build/pi-sci/session-library.md	VERIFIED
2026-10-07T12:05:16Z	verification	Run the full library build and regression gate	Verify the published bundle, real installed CLI and TUI, SDK branch transactions, guards, models, images, formatting, types, and audit	/tmp/pi-sci-library-verify.log; make pi-sci-test: 93 SCI tests plus 11 regressions; 0 vulnerabilities	VERIFIED
2026-10-07T14:27:52Z	domain commands	Use a single registry for fixed-program tools and SCI namespaces	Avoid exposing a generic executable selector and keep jj rather than git as the VCS interface	desktop/build/pi-sci/src/commands.ts; desktop/build/pi-sci/src/pi/commands.cljs	VERIFIED
2026-10-07T14:27:52Z	process lifecycle	Keep argv execution behind guarded registered tools with bounded output and owned process groups	Pi exec captures unbounded output and only terminates the root process; existing bash forwarding merges streams and requires bash permission	desktop/build/pi-sci/test/commands.test.ts	VERIFIED
2026-10-07T14:27:52Z	permissions	Respect explicit CLI tool allowlists	Installed CLI correctly omitted jj when the fixture allowlist excluded it; test both enabled and excluded domain calls	desktop/build/pi-sci/test/cli.test.ts	VERIFIED
2026-10-07T14:27:52Z	verification	Run the full domain build and regression gate	Verify installed CLI/TUI, SDK, command lifecycle, persistent helpers, redaction, formatting, types, guard regressions, and audit	/tmp/pi-sci-domain-verify.log; 106 SCI tests plus 11 regressions; 0 vulnerabilities	VERIFIED
2026-10-07T15:48:03Z	semantic API	Dispatch typed operations through one registered Pi tool per domain	Keep guards at the effect boundary and derive schemas, bindings, positional shortcuts, and descriptions from one registry	desktop/build/pi-sci/src/operations.ts; desktop/build/pi-sci/test/semantic.test.ts	VERIFIED
2026-10-07T15:48:03Z	search	Retain records from checked Pi grep/find/read implementations before presentation	Use Pi search without exposing rg or parsing ambiguous display text; build fails on pinned upstream source drift	desktop/build/pi-sci/scripts/prepare-search.mjs; PI-LICENSE	VERIFIED
2026-10-07T15:48:03Z	structured data	Use bounded collections, clean file text, and verified Guix store outputs	Explicit truncation prevents partial data from appearing complete; JJ uses JSON templates with safely quoted file paths	desktop/build/pi-sci/test/semantic.test.ts	VERIFIED
2026-10-07T15:48:03Z	project API	Expose verified repository actions and reject unrelated directories	Model intent with fixed targets; omit ambiguous build/test and irreversible activation actions	desktop/build/pi-sci/src/builds.ts	VERIFIED
2026-10-07T15:48:03Z	live errors	Correct dotted tool calls to Clojure namespace syntax	Failed source used tools.edit or tools.vent rather than tools/edit or tools/vent; prior runtime-failure attribution was incorrect	live source and successful corrected calls	VERIFIED
2026-10-07T15:48:03Z	verification	Run full semantic capability gate	Verify installed CLI/TUI, SDK, real JJ, Pi search/read data, lifecycle, hooks, helper replay, formatting, types, guards and audit	/tmp/pi-sci-semantic-final.log; 114 SCI tests plus 11 regressions; 0 vulnerabilities	VERIFIED
2026-10-08T12:10:00Z	guidance	Rewrite Pi's bash and read file-operation prompt rules and steer tools/read to fs/read	Session review: 42.0% of 376 codemode calls used bash and 136 used tools/read; Pi adds the bash rule whenever bash lacks grep/find/ls	test/ergonomics.test.ts	VERIFIED
2026-10-08T12:20:00Z	output	Budget each text block fairly on the host and spill the full output, instead of Pi's whole-output middle cut	35 reviewed results lost middle blocks; Pi joins all blocks before truncating	src/output.ts; test/ergonomics.test.ts	VERIFIED
2026-10-08T12:20:00Z	output	Render command and bash results as a status line plus raw output	144 reviewed results printed escaped bash maps through pr-str	src/pi/sci.cljs display; test/ergonomics.test.ts	VERIFIED
2026-10-08T12:30:00Z	errors	Add reader excerpts, symbol hints, JSON value paths, and client-side option-key checks	7 paren errors and schema-union validation dumps in reviewed sessions	src/pi/sci.cljs; src/pi/commands.cljs; test/ergonomics.test.ts	VERIFIED
2026-10-08T12:40:00Z	domains	Add fs/glob, fs/disk-usage, fs/list sorting, a read-only sys domain, guix download/lint/style, and jj/patch; keep no git namespace	ls/find/du/df/printenv/command -v/curl/tar dominated reviewed bash use; the git exclusion is a tested design decision	src/files.ts; src/sys.ts; src/builds.ts; src/jj.ts	VERIFIED
2026-10-08T12:45:00Z	discovery	List generated domain signatures in the codemode description and drop domain schemas from the budgeted declarations	43 reviewed calls spent time on catalog lookups	src/catalog.ts; src/operations.ts signatures	VERIFIED
